{
  "__comment__": "this advancement with run if the player has a range of logs in his inventory for minimal 1 max 64 and it will run tick function. that will rin every tick a command inside player_take_damage",
  "criteria": {
    "requirement": {
      "trigger": "minecraft:inventory_changed",
      "conditions": {
        "items": [
          {
            "items": "#minecraft:logs",
            "count": {
              "min": 1,
              "max": 64
            }
          }
        ]
      }
    }
  },
  "rewards": {
    "function": "automate:_global/load/automate_load"
  }
}
